rule_id,event,signal_date,execution_date,execution_after_signal,scheduled_execution,signal_is_prior_window_seed,terminal_target_ignored,requested_cash_weight,gross_traded_dollars,fee_dollars,ending_equity,requested_SPY_weight,trade_SPY_dollars,requested_QQQ_weight,trade_QQQ_dollars,requested_SHY_weight,trade_SHY_dollars,requested_TQQQ_weight,trade_TQQQ_dollars,requested_UPRO_weight,trade_UPRO_dollars,requested_QLD_weight,trade_QLD_dollars
lev_core_relative_leverage_sleeves_v3,initial_entry,2023-12-29,2024-01-02,True,True,True,False,0,99900.099900099915,99.900099900099917,99900.099900099915,0.5,49950.049950049957,0,0,0,0,0.5,49950.049950049957,0,0,0,0
lev_core_relative_leverage_sleeves_v3,monthly_rebalance,2024-01-31,2024-02-01,True,True,False,False,0,4899.6399701155387,4.9020910156233555,108320.47246797902,0.5,2447.3689395499532,0,0,0,0,0.5,-2452.2710305655855,0,0,0,0
lev_core_relative_leverage_sleeves_v3,monthly_rebalance,2024-02-29,2024-03-01,True,True,False,False,0,5982.1559712591552,5.9851485455319198,119558.44618112726,0.5,2988.085411356813,0,0,0,0,0.5,-2994.0705599023422,0,0,0,0
lev_core_relative_leverage_sleeves_v3,monthly_rebalance,2024-03-28,2024-04-01,True,True,False,False,0,2221.3479947488886,2.2202378758109882,119940.7015947761,0.5,-1111.7841163123448,0,0,0,0,0.5,1109.5638784365437,0,0,0,0
lev_core_relative_leverage_sleeves_v3,monthly_rebalance,2024-04-30,2024-05-01,True,True,False,False,0,7540.673645914947,7.5369051933182964,107325.22270003807,0.5,-3774.1052755541241,0,0,0,0,0.5,3766.5683703608229,0,0,0,0
lev_core_relative_leverage_sleeves_v3,monthly_rebalance,2024-05-31,2024-06-03,True,True,False,False,0,9063.6702205187394,9.0682043226800921,122211.48338331269,0.5,4527.3010080980166,0,0,0,0,0.5,-4536.3692124207228,0,0,0,0
lev_core_relative_leverage_sleeves_v3,monthly_rebalance,2024-06-28,2024-07-01,True,True,False,False,0,9609.2260350575452,9.6140330515833377,136361.02213420797,0.5,4799.8060010029803,0,0,0,0,0.5,-4809.4200340545649,0,0,0,0
lev_core_relative_leverage_sleeves_v3,monthly_rebalance,2024-07-31,2024-08-01,True,True,False,False,0,10376.530146511672,10.371344474274538,125379.55404937244,0.5,-5193.4507454929699,0,0,0,0,0.5,5183.0794010187019,0,0,0,0
lev_core_relative_leverage_sleeves_v3,monthly_rebalance,2024-08-30,2024-09-03,True,True,False,False,0,2074.7269817534907,2.0736901366851566,125368.61576306705,0.5,-1038.4003359450799,0,0,0,0,0.5,1036.3266458084108,0,0,0,0
lev_core_relative_leverage_sleeves_v3,monthly_rebalance,2024-09-30,2024-10-01,True,True,False,False,0,5259.264848315499,5.2618957962136159,134814.98457422183,0.5,2627.0014762596329,0,0,0,0,0.5,-2632.2633720558661,0,0,0,0
lev_core_relative_leverage_sleeves_v3,monthly_rebalance,2024-10-31,2024-11-01,True,True,False,False,0,1274.5670531356445,1.2752046554633634,136666.6366390294,0.5,636.64592424010334,0,0,0,0,0.5,-637.92112889554119,0,0,0,0
lev_core_relative_leverage_sleeves_v3,monthly_rebalance,2024-11-29,2024-12-02,True,True,False,False,0,303053.37310884841,306.67250649871687,151373.35030117485,0,-72220.87801396838,0.5,75686.675150587427,0,0,0,-79459.144793705171,0.5,75686.675150587427,0,0
lev_core_relative_leverage_sleeves_v3,monthly_rebalance,2024-12-31,2025-01-02,True,True,False,False,0,286494.94504343905,283.14211476926744,143105.90146433489,0.5,71552.950732167446,0,-75047.352063723665,0,0,0.5,71552.950732167446,0,-68341.691515380488,0,0
lev_core_relative_leverage_sleeves_v3,monthly_rebalance,2025-01-31,2025-02-03,True,True,False,False,0,292890.64888057677,293.04279664110709,146298.80304196783,0,-73143.775158774137,0.5,73149.401520983913,0,0,0,-73448.070679834782,0.5,73149.401520983913,0,0
lev_core_relative_leverage_sleeves_v3,monthly_rebalance,2025-02-28,2025-03-03,True,True,False,False,0,2886.6461871997017,2.8852035854070057,137511.05464028878,0,0,0.5,-1444.7656953925471,0,0,0,0,0.5,1441.8804918071546,0,0
lev_core_relative_leverage_sleeves_v3,monthly_rebalance,2025-03-31,2025-04-01,True,True,False,False,0,5027.2129740078235,5.0247006236959795,125907.98009327477,0,0,0.5,-2516.1188373157565,0,0,0,0,0.5,2511.094136692067,0,0
lev_core_relative_leverage_sleeves_v3,monthly_rebalance,2025-04-30,2025-05-01,True,True,False,False,0,244344.5416928372,241.39076651663095,122051.57546316029,0.5,61025.787731580145,0,-64100.258291044731,0,0,0.5,61025.787731580145,0,-58192.707938632186,0,0
lev_core_relative_leverage_sleeves_v3,monthly_rebalance,2025-05-30,2025-06-02,True,True,False,False,0,12147.122319125461,12.153198918584753,141583.59158376121,0.5,6067.4845601034394,0,0,0,0,0.5,-6079.6377590220218,0,0,0,0
lev_core_relative_leverage_sleeves_v3,monthly_rebalance,2025-06-30,2025-07-01,True,True,False,False,0,6102.4803141800658,6.1055330807204236,154079.14177762487,0.5,3048.1873905496759,0,0,0,0,0.5,-3054.2929236303899,0,0,0,0
lev_core_relative_leverage_sleeves_v3,monthly_rebalance,2025-07-31,2025-08-01,True,True,False,False,0,1469.4019441487035,1.4701370126550319,156649.88982698112,0.5,733.96590356802335,0,0,0,0,0.5,-735.43604058068013,0,0,0,0
lev_core_relative_leverage_sleeves_v3,monthly_rebalance,2025-08-29,2025-09-02,True,True,False,False,0,1597.1665817447356,1.5979655645269959,162903.16771907685,0.5,797.78430809010752,0,0,0,0,0.5,-799.38227365462808,0,0,0,0
lev_core_relative_leverage_sleeves_v3,monthly_rebalance,2025-09-30,2025-10-01,True,True,False,False,0,12972.671726192275,12.9791613068457,183509.31261285389,0.5,6479.8462824427115,0,0,0,0,0.5,-6492.8254437495634,0,0,0,0
lev_core_relative_leverage_sleeves_v3,monthly_rebalance,2025-10-31,2025-11-03,True,True,False,False,0,9647.0011917062948,9.6518271052589188,197112.00491591118,0.5,4818.6746823005233,0,0,0,0,0.5,-4828.3265094057715,0,0,0,0
lev_core_relative_leverage_sleeves_v3,monthly_rebalance,2025-11-28,2025-12-01,True,True,False,False,0,8094.8583231808589,8.0908129167225198,188097.48431468051,0.5,-4051.4745680487686,0,0,0,0,0.5,4043.3837551320903,0,0,0,0
lev_core_relative_leverage_sleeves_v3,monthly_rebalance,2025-12-31,2026-01-02,True,True,False,False,0,3402.9452777256374,3.4012446553979534,186174.5888661597,0.5,-1703.1732611905027,0,0,0,0,0.5,1699.7720165351348,0,0,0,0
lev_core_relative_leverage_sleeves_v3,monthly_rebalance,2026-01-30,2026-02-02,True,True,False,False,0,3168.6187371957931,3.1702038391153473,192648.52935001595,0.5,1582.7242666783422,0,0,0,0,0.5,-1585.8944705174508,0,0,0,0
lev_core_relative_leverage_sleeves_v3,monthly_rebalance,2026-02-27,2026-03-02,True,True,False,False,0,8150.3762915914267,8.1463031400214163,182071.52429736158,0.5,-4079.2612973657233,0,0,0,0,0.5,4071.1149942257034,0,0,0,0
lev_core_relative_leverage_sleeves_v3,monthly_rebalance,2026-03-31,2026-04-01,True,True,False,False,0,7844.8822248433135,7.8409617439713326,166325.28870042521,0.5,-3926.3615932936373,0,0,0,0,0.5,3918.5206315496762,0,0,0,0
lev_core_relative_leverage_sleeves_v3,monthly_rebalance,2026-04-30,2026-05-01,True,True,False,False,0,34115.993997889076,34.133060528153159,217058.28773764096,0.5,17040.930468680453,0,0,0,0,0.5,-17075.063529208623,0,0,0,0
lev_core_relative_leverage_sleeves_v3,monthly_rebalance,2026-05-29,2026-06-01,True,True,False,False,0,28812.481900542596,28.826895348216713,257184.28565759031,0.5,14391.827502597182,0,0,0,0,0.5,-14420.654397945415,0,0,0,0
lev_core_relative_leverage_sleeves_v3,monthly_rebalance,2026-06-30,2026-07-01,True,True,False,False,0,10803.321598756913,10.797922637438198,242684.1132883915,0.5,-5407.0597606971714,0,0,0,0,0.5,5396.2618380597414,0,0,0,0
lev_core_relative_leverage_sleeves_v3,monthly_rebalance,2026-07-31,2026-08-03,True,True,False,False,0,16762.431285494269,16.75405425836508,229851.71584569709,0.5,-8389.5926698763215,0,0,0,0,0.5,8372.8386156179477,0,0,0,0
lev_core_relative_leverage_sleeves_v3,monthly_rebalance,2026-08-31,2026-09-01,True,True,False,False,0,1406.2796001741954,1.4069830917200599,232410.47044221548,0.5,702.4363085412333,0,0,0,0,0.5,-703.84329163296206,0,0,0,0
lev_core_relative_leverage_sleeves_v3,terminal_liquidation,2026-09-30,2026-10-01,True,True,False,True,1,249278.86241806915,257.07397508787523,249021.78844298128,0,-116844.31853922849,0,0,0,0,0,-132434.54387884066,0,0,0,0
TQQQ_50_QQQ_static,initial_entry,2023-12-29,2024-01-02,True,True,True,False,0,99900.099900099915,99.900099900099917,99900.099900099915,0,0,0.5,49950.049950049957,0,0,0.5,49950.049950049957,0,0,0,0
TQQQ_50_QQQ_static,monthly_rebalance,2024-01-31,2024-02-01,True,True,False,False,0,4236.6300340994349,4.2387494088038435,108984.14574560194,0,0,0.5,2116.1956423453084,0,0,0.5,-2120.4343917541264,0,0,0,0
TQQQ_50_QQQ_static,monthly_rebalance,2024-02-29,2024-03-01,True,True,False,False,0,5602.8850143015152,5.6056878582306311,120707.31328690115,0,0,0.5,2798.639663221642,0,0,0.5,-2804.2453510798732,0,0,0,0
TQQQ_50_QQQ_static,monthly_rebalance,2024-03-28,2024-04-01,True,True,False,False,0,921.11389902497467,0.92065357223885802,119772.98322192451,0,0,0.5,-461.01727629860397,0,0,0.5,460.0966227263707,0,0,0,0
TQQQ_50_QQQ_static,monthly_rebalance,2024-04-30,2024-05-01,True,True,False,False,0,6878.9346065953723,6.8754968581662981,106524.60139407069,0,0,0.5,-3442.9050517267606,0,0,0.5,3436.0295548686117,0,0,0,0
TQQQ_50_QQQ_static,monthly_rebalance,2024-05-31,2024-06-03,True,True,False,False,0,7901.5486206516798,7.9055013713373485,122395.41779546539,0,0,0.5,3946.8215596401715,0,0,0.5,-3954.7270610115083,0,0,0,0
TQQQ_50_QQQ_static,monthly_rebalance,2024-06-28,2024-07-01,True,True,False,False,0,7881.121600270395,7.8850641323365602,138310.56255232071,0,0,0.5,3936.6182680690326,0,0,0.5,-3944.5033322013624,0,0,0,0
TQQQ_50_QQQ_static,monthly_rebalance,2024-07-31,2024-08-01,True,True,False,False,0,7622.4465207251342,7.6186372021240754,124272.55858060534,0,0,0.5,-3815.0325789636263,0,0,0.5,3807.4139417615079,0,0,0,0
TQQQ_50_QQQ_static,monthly_rebalance,2024-08-30,2024-09-03,True,True,False,False,0,1299.9495468273817,1.2992998968789398,123506.01360181801,0,0,0.5,-650.6244233621328,0,0,0.5,649.32512346524891,0,0,0,0
TQQQ_50_QQQ_static,monthly_rebalance,2024-09-30,2024-10-01,True,True,False,False,0,4556.854005113928,4.5591335718998671,133436.93616840462,0,0,0.5,2276.1474357710249,0,0,0.5,-2280.7065693429031,0,0,0,0
TQQQ_50_QQQ_static,monthly_rebalance,2024-10-31,2024-11-01,True,True,False,False,0,658.36386610823683,0.65869321271459924,135873.43938917154,0,0,0.5,328.85258644775604,0,0,0.5,-329.5112796604808,0,0,0,0
TQQQ_50_QQQ_static,monthly_rebalance,2024-11-29,2024-12-02,True,True,False,False,0,7183.1326562278846,7.1867260192375104,150805.62695188058,0,0,0.5,3587.9729651043162,0,0,0.5,-3595.1596911235683,0,0,0,0
TQQQ_50_QQQ_static,monthly_rebalance,2024-12-31,2025-01-02,True,True,False,False,0,2704.6968033770099,2.7033451308116203,146824.37617183861,0,0,0.5,-1353.7000742538949,0,0,0.5,1350.9967291231151,0,0,0,0
TQQQ_50_QQQ_static,monthly_rebalance,2025-01-31,2025-02-03,True,True,False,False,0,805.66442209741217,0.80606745582533768,149906.63146144417,0,0,0.5,402.42917732078058,0,0,0.5,-403.23524477663159,0,0,0,0
TQQQ_50_QQQ_static,monthly_rebalance,2025-02-28,2025-03-03,True,True,False,False,0,6877.2682142771446,6.8738312986278292,136978.81834442387,0,0,0.5,-3442.0710227878881,0,0,0.5,3435.1971914892565,0,0,0,0
TQQQ_50_QQQ_static,monthly_rebalance,2025-03-31,2025-04-01,True,True,False,False,0,7654.0111362648749,7.6501860432432585,122771.75256232616,0,0,0.5,-3830.8306611540538,0,0,0.5,3823.1804751108211,0,0,0,0
TQQQ_50_QQQ_static,monthly_rebalance,2025-04-30,2025-05-01,True,True,False,False,0,3020.386938087795,3.0188774993381342,121983.77870535155,0,0,0.5,-1511.7029077935586,0,0,0.5,1508.6840302942364,0,0,0,0
TQQQ_50_QQQ_static,monthly_rebalance,2025-05-30,2025-06-02,True,True,False,False,0,10538.948623636374,10.544220734003385,143107.97373813656,0,0,0.5,5264.2022014511749,0,0,0.5,-5274.7464221851988,0,0,0,0
TQQQ_50_QQQ_static,monthly_rebalance,2025-06-30,2025-07-01,True,True,False,False,0,6079.4391566667182,6.0824803968651544,155826.89251830085,0,0,0.5,3036.6783381349233,0,0,0.5,-3042.7608185317949,0,0,0,0
TQQQ_50_QQQ_static,monthly_rebalance,2025-07-31,2025-08-01,True,True,False,False,0,1041.2405421218136,1.0417614228332386,158872.07525650033,0,0,0.5,520.09939034948184,0,0,0.5,-521.1411517723318,0,0,0,0
TQQQ_50_QQQ_static,monthly_rebalance,2025-08-29,2025-09-02,True,True,False,False,0,2305.0935904996149,2.3062467138565479,164528.1044311311,0,0,0.5,1151.3936718928744,0,0,0.5,-1153.6999186067405,0,0,0,0
TQQQ_50_QQQ_static,monthly_rebalance,2025-09-30,2025-10-01,True,True,False,False,0,11366.169472178954,11.371855399878893,187077.43243160527,0,0,0.5,5677.3988083895383,0,0,0.5,-5688.7706637894153,0,0,0,0
TQQQ_50_QQQ_static,monthly_rebalance,2025-10-31,2025-11-03,True,True,False,False,0,7430.8649546843517,7.4345822458072579,203350.72845841176,0,0,0.5,3711.7151862192695,0,0,0.5,-3719.1497684650822,0,0,0,0
TQQQ_50_QQQ_static,monthly_rebalance,2025-11-28,2025-12-01,True,True,False,False,0,6410.8252212797379,6.4076214105744658,192112.59102195431,0,0,0.5,-3208.6164213451411,0,0,0.5,3202.2087999345968,0,0,0,0
TQQQ_50_QQQ_static,monthly_rebalance,2025-12-31,2026-01-02,True,True,False,False,0,2248.6684763164085,2.2475447039644352,188922.96030677619,0,0,0.5,-1125.4580105101777,0,0,0.5,1123.2104658062308,0,0,0,0
TQQQ_50_QQQ_static,monthly_rebalance,2026-01-30,2026-02-02,True,True,False,False,0,2893.3404441967723,2.8947878381158372,195814.84797790859,0,0,0.5,1445.2228281793214,0,0,0.5,-1448.1176160174509,0,0,0,0
TQQQ_50_QQQ_static,monthly_rebalance,2026-02-27,2026-03-02,True,True,False,False,0,6720.3826287522534,6.7170241166939011,183501.61430537849,0,0,0.5,-3363.5498264344787,0,0,0.5,3356.8328023177746,0,0,0,0
TQQQ_50_QQQ_static,monthly_rebalance,2026-03-31,2026-04-01,True,True,False,False,0,8370.2595892205572,8.3660765509450794,168094.99491561644,0,0,0.5,-4189.3128328857565,0,0,0.5,4180.9467563348007,0,0,0,0
TQQQ_50_QQQ_static,monthly_rebalance,2026-04-30,2026-05-01,True,True,False,False,0,29978.068050581598,29.993064582873043,223873.21898265573,0,0,0.5,14974.037492999356,0,0,0.5,-15004.030557582242,0,0,0,0
TQQQ_50_QQQ_static,monthly_rebalance,2026-05-29,2026-06-01,True,True,False,False,0,24172.920604159124,24.185013110714468,270808.77141759347,0,0,0.5,12074.367795524216,0,0,0.5,-12098.552808634908,0,0,0,0
TQQQ_50_QQQ_static,monthly_rebalance,2026-06-30,2026-07-01,True,True,False,False,0,10260.618511342516,10.255490765959555,254426.54324249123,0,0,0.5,-5135.4370010542189,0,0,0.5,5125.1815102882974,0,0,0,0
TQQQ_50_QQQ_static,monthly_rebalance,2026-07-31,2026-08-03,True,True,False,False,0,11107.263569965813,11.101712713609013,234513.47588780258,0,0,0.5,-5559.1826413397066,0,0,0.5,5548.0809286261065,0,0,0,0
TQQQ_50_QQQ_static,monthly_rebalance,2026-08-31,2026-09-01,True,True,False,False,0,750.47261084846104,0.75084803486589224,237809.13937319673,0,0,0.5,374.86088140679931,0,0,0.5,-375.61172944166174,0,0,0,0
TQQQ_50_QQQ_static,terminal_liquidation,2026-09-30,2026-10-01,True,True,False,True,1,260292.878067618,265.65730841582933,260027.22075920217,0,0,0,-124782.00868559766,0,0,0,-135510.86938202035,0,0,0,0
