window,id,family,static_control,cost_multiplier,extra_delay,type,first,last,sessions,years,net_return,cagr,max_drawdown,sharpe,volatility,annual_turnover,fees_dollars,mean_funded_exposure,mean_stock_exposure,mean_top_weight,max_top_weight,mean_hhi,trade_day_fraction,mean_levered_exposure,max_levered_exposure,mean_contract_equity_exposure_proxy,max_contract_equity_exposure_proxy,excess_spy_cagr,excess_qqq_cagr,excess_static_cagr
combined_2024_2026,lev_core_relative_leverage_sleeves_v3,leverage_allocation,False,1,0,strategy,2024-01-02,2026-10-01,690,2.7460643394934978,1.4902178844298128,0.39409642294596603,-0.37022310986799556,1.0872229448816477,0.36902122723038522,4.1349326533679776,1713.9671838376989,1,0,0.51710935820831294,0.57267955473049748,0.5009788738798705,0.049275362318840582,0.50362081386162805,0.57267955473049748,2.0072416277232561,2.145359109460995,0.18935516144811682,0.13863235097002002,0.029191595734861631
combined_2024_2026,lev_core_relative_leverage_sleeves_v3,leverage_allocation,False,1,1,strategy,2024-01-02,2026-10-01,690,2.7460643394934978,1.497912504628832,0.39566355581989865,-0.36915370277975856,1.0909649742580585,0.36867829566287497,4.1076059353568644,1730.3956908598757,1,0,0.51561837268950994,0.57828802002104729,0.50089633736080263,0.050724637681159424,0.50311944454534119,0.57828802002104729,2.0062388890906826,2.1565760400420948,0.19092229432204944,,
combined_2024_2026,lev_core_relative_leverage_sleeves_v3,leverage_allocation,False,1,2,strategy,2024-01-02,2026-10-01,690,2.7460643394934978,1.5177899331892655,0.39969775792712348,-0.37417372325534959,1.0967621366812024,0.36967274446561998,4.138478195219589,1762.8685059464585,1,0,0.51522109120792714,0.57502343522066934,0.50086728497929012,0.050724637681159424,0.50272882424733212,0.57502343522066934,2.0054576484946645,2.1500468704413387,0.19495649642927426,,
combined_2024_2026,lev_core_relative_leverage_sleeves_v3,leverage_allocation,False,2,0,strategy,2024-01-02,2026-10-01,690,2.7460643394934978,1.4620568717946107,0.38833458165184354,-0.37276128968883893,1.0759346974417503,0.36902996585399339,4.1316732640349638,3407.0185090218006,1,0,0.51710935820831294,0.57267955473049748,0.5009788738798705,0.049275362318840582,0.50362081386162805,0.57267955473049748,2.0072416277232561,2.145359109460995,0.18403195613768486,,
combined_2024_2026,lev_core_relative_leverage_sleeves_v3,leverage_allocation,False,2,1,strategy,2024-01-02,2026-10-01,690,2.7460643394934978,1.4698222197289517,0.38992756531968364,-0.37169749579642963,1.0799916253299666,0.36855194651056628,4.1043423261538488,3439.7995639159376,1,0,0.51561837268950994,0.57828802002104718,0.50089633736080263,0.050724637681159424,0.50311944454534119,0.57828802002104718,2.0062388890906826,2.1565760400420944,0.18562493980552497,,
combined_2024_2026,lev_core_relative_leverage_sleeves_v3,leverage_allocation,False,2,2,strategy,2024-01-02,2026-10-01,690,2.7460643394934978,1.4892333020935613,0.39389567486806443,-0.3767282205783381,1.085513817821343,0.36965423006583248,4.1352078270262105,3504.2437353059622,1,0,0.51522109120792714,0.57502343522066923,0.50086728497929012,0.050724637681159424,0.50272882424733212,0.57502343522066923,2.005457648494664,2.1500468704413387,0.18959304935390575,,
combined_2024_2026,lev_core_relative_leverage_sleeves_v3,leverage_allocation,False,4,0,strategy,2024-01-02,2026-10-01,690,2.7460643394934978,1.4066830596678921,0.37688149742778454,-0.37780684413870302,1.0532610344683757,0.36910029442870357,4.1251739637912452,6731.371090851565,1,0,0.51710935820831294,0.57267955473049759,0.5009788738798705,0.049275362318840582,0.50362081386162805,0.57267955473049759,2.0072416277232561,2.1453591094609954,0.17345566636216381,,
combined_2024_2026,lev_core_relative_leverage_sleeves_v3,leverage_allocation,False,4,1,strategy,2024-01-02,2026-10-01,690,2.7460643394934978,1.414582132117189,0.37852545443334584,-0.376754210653377,1.0579162240469733,0.36835468101658903,4.0978346113884747,6796.6251082624149,1,0,0.51561837268950994,0.57828802002104718,0.50089633736080263,0.050724637681159424,0.50311944454534119,0.57828802002104718,2.0062388890906826,2.1565760400420944,0.17509962336772511,,
combined_2024_2026,lev_core_relative_leverage_sleeves_v3,leverage_allocation,False,4,2,strategy,2024-01-02,2026-10-01,690,2.7460643394934978,1.4330842284016265,0.382362775702209,-0.38180573047357991,1.0629117151959806,0.36967094306963338,4.1286866346724844,6923.5373410248676,1,0,0.51522109120792714,0.57502343522066923,0.50086728497929012,0.050724637681159424,0.50272882424733212,0.57502343522066923,2.0054576484946645,2.1500468704413387,0.17893694463658827,,
