rule_id,field,replay_value,original_value,absolute_difference,absolute_tolerance,passed
lev_core_relative_leverage_sleeves_v3,first,2024-01-02,2024-01-02,0,1e-10,True
lev_core_relative_leverage_sleeves_v3,last,2026-10-01,2026-10-01,0,1e-10,True
lev_core_relative_leverage_sleeves_v3,sessions,690,690,0,1e-10,True
lev_core_relative_leverage_sleeves_v3,years,2.746064339493498,2.746064339493498,0,1e-10,True
lev_core_relative_leverage_sleeves_v3,net_return,1.4902178844298128,1.4902178844298128,0,1e-10,True
lev_core_relative_leverage_sleeves_v3,cagr,0.39409642294596603,0.39409642294596603,0,1e-10,True
lev_core_relative_leverage_sleeves_v3,max_drawdown,-0.37022310986799556,-0.37022310986799556,0,1e-10,True
lev_core_relative_leverage_sleeves_v3,sharpe,1.0872229448816477,1.0872229448816477,0,1e-10,True
lev_core_relative_leverage_sleeves_v3,volatility,0.3690212272303852,0.3690212272303852,0,1e-10,True
lev_core_relative_leverage_sleeves_v3,annual_turnover,4.1349326533679776,4.1349326533679776,0,1e-10,True
lev_core_relative_leverage_sleeves_v3,fees_dollars,1713.967183837699,1713.967183837699,0,1e-10,True
lev_core_relative_leverage_sleeves_v3,mean_funded_exposure,1.0,1.0,0,1e-10,True
lev_core_relative_leverage_sleeves_v3,mean_stock_exposure,0.0,0.0,0,1e-10,True
lev_core_relative_leverage_sleeves_v3,mean_top_weight,0.5171093582083129,0.5171093582083129,0,1e-10,True
lev_core_relative_leverage_sleeves_v3,max_top_weight,0.5726795547304975,0.5726795547304975,0,1e-10,True
lev_core_relative_leverage_sleeves_v3,mean_hhi,0.5009788738798705,0.5009788738798705,0,1e-10,True
lev_core_relative_leverage_sleeves_v3,trade_day_fraction,0.04927536231884058,0.04927536231884058,0,1e-10,True
lev_core_relative_leverage_sleeves_v3,mean_levered_exposure,0.503620813861628,0.503620813861628,0,1e-10,True
lev_core_relative_leverage_sleeves_v3,max_levered_exposure,0.5726795547304975,0.5726795547304975,0,1e-10,True
lev_core_relative_leverage_sleeves_v3,mean_contract_equity_exposure_proxy,2.007241627723256,2.007241627723256,0,1e-10,True
lev_core_relative_leverage_sleeves_v3,max_contract_equity_exposure_proxy,2.145359109460995,2.145359109460995,0,1e-10,True
TQQQ_50_QQQ_static,first,2024-01-02,2024-01-02,0,1e-10,True
TQQQ_50_QQQ_static,last,2026-10-01,2026-10-01,0,1e-10,True
TQQQ_50_QQQ_static,sessions,690,690,0,1e-10,True
TQQQ_50_QQQ_static,years,2.746064339493498,2.746064339493498,0,1e-10,True
TQQQ_50_QQQ_static,net_return,1.6002722075920217,1.6002722075920217,0,1e-10,True
TQQQ_50_QQQ_static,cagr,0.41622489781447625,0.41622489781447625,0,1e-10,True
TQQQ_50_QQQ_static,max_drawdown,-0.423195174383203,-0.423195174383203,0,1e-10,True
TQQQ_50_QQQ_static,sharpe,1.0520187873696925,1.0520187873696925,0,1e-10,True
TQQQ_50_QQQ_static,volatility,0.4122153884430789,0.4122153884430789,0,1e-10,True
TQQQ_50_QQQ_static,annual_turnover,1.1975749373395372,1.1975749373395372,0,1e-10,True
TQQQ_50_QQQ_static,fees_dollars,583.0636895893042,583.0636895893042,0,1e-10,True
TQQQ_50_QQQ_static,mean_funded_exposure,1.0,1.0,0,1e-10,True
TQQQ_50_QQQ_static,mean_stock_exposure,0.0,0.0,0,1e-10,True
TQQQ_50_QQQ_static,mean_top_weight,0.5149805779637098,0.5149805779637098,0,1e-10,True
TQQQ_50_QQQ_static,max_top_weight,0.5705563281798337,0.5705563281798337,0,1e-10,True
TQQQ_50_QQQ_static,mean_hhi,0.5007492106067788,0.5007492106067788,0,1e-10,True
TQQQ_50_QQQ_static,trade_day_fraction,0.04927536231884058,0.04927536231884058,0,1e-10,True
TQQQ_50_QQQ_static,mean_levered_exposure,0.5034828335785675,0.5034828335785675,0,1e-10,True
TQQQ_50_QQQ_static,max_levered_exposure,0.5625975404359891,0.5625975404359891,0,1e-10,True
TQQQ_50_QQQ_static,mean_contract_equity_exposure_proxy,2.0069656671571345,2.0069656671571345,0,1e-10,True
TQQQ_50_QQQ_static,max_contract_equity_exposure_proxy,2.125195080871978,2.125195080871978,0,1e-10,True
