window,id,cost_multiplier,type,first,last,sessions,years,net_return,cagr,max_drawdown,sharpe,volatility,annual_turnover,fees_dollars,mean_funded_exposure,mean_stock_exposure,mean_top_weight,max_top_weight,mean_hhi,trade_day_fraction,mean_levered_exposure,max_levered_exposure,mean_contract_equity_exposure_proxy,max_contract_equity_exposure_proxy,family,static_control,extra_delay,excess_spy_cagr,excess_qqq_cagr,excess_static_cagr
combined_2024_2026,SPY_buyhold,1,benchmark,2024-01-02,2026-10-01,690,2.7460643394934978,0.6677829816070866,0.20474126149784921,-0.18739274817201212,1.3040682433851347,0.15212912681515231,0.7281330670656696,133.40587700636377,1,0,1,1,1,0.0028985507246376812,0,0,1,1,,,,,,
combined_2024_2026,SPY_buyhold,2,benchmark,2024-01-02,2026-10-01,690,2.7460643394934978,0.666116031267177,0.20430262551415868,-0.18739274817201235,1.3016556463031137,0.15213045036304365,0.72795126110180941,266.67848140832587,1,0,1,1,1,0.0028985507246376812,0,0,1,1,,,,,,
combined_2024_2026,SPY_buyhold,4,benchmark,2024-01-02,2026-10-01,690,2.7460643394934978,0.66278712145663499,0.20342583106562073,-0.1873927481720119,1.296803587146246,0.15213668483876683,0.72758819350332238,532.8246704385914,1,0,1,1,1,0.0028985507246376812,0,0,1,1,,,,,,
combined_2024_2026,QQQ_buyhold,1,benchmark,2024-01-02,2026-10-01,690,2.7460643394934978,0.86776801639127887,0.25546407197594601,-0.22833852879798633,1.1970911780450659,0.20877504105469061,0.7281330670656696,143.41013087250644,1,0,1,1,1,0.0028985507246376812,0,0,1,1,,,,,,
combined_2024_2026,QQQ_buyhold,2,benchmark,2024-01-02,2026-10-01,690,2.7460643394934978,0.86590118085923695,0.25500696825102231,-0.22833852879798677,1.195338359795562,0.20877541187734328,0.72795126110180941,286.67699488100448,1,0,1,1,1,0.0028985507246376812,0,0,1,1,,,,,,
combined_2024_2026,QQQ_buyhold,4,benchmark,2024-01-02,2026-10-01,690,2.7460643394934978,0.86217309912309159,0.25409325842483188,-0.22833852879798655,1.1918204205964911,0.20877876996026812,0.72758819350332238,572.78178019138841,1,0,1,1,1,0.0028985507246376812,0,0,1,1,,,,,,
combined_2024_2026,SHY_buyhold,1,benchmark,2024-01-02,2026-10-01,690,2.7460643394934978,0.096950168114672053,0.03427103369413298,-0.0096683120103016051,2.2856952752931972,0.014834463299681687,0.7281330670656696,104.84995837242607,1,0,1,1,1,0.0028985507246376812,0,0,0,0,,,,,,
combined_2024_2026,SHY_buyhold,2,benchmark,2024-01-02,2026-10-01,690,2.7460643394934978,0.095853765599614116,0.03389446446157951,-0.0096683120103012721,2.2609132804810161,0.014835514622322682,0.72795126110180941,209.59517153169293,1,0,1,1,1,0.0028985507246376812,0,0,0,0,,,,,,
combined_2024_2026,SHY_buyhold,4,benchmark,2024-01-02,2026-10-01,690,2.7460643394934978,0.093664243211758258,0.033141735946662365,-0.0096683120103016051,2.2059328550327293,0.014874367814311638,0.72758819350332238,418.77198942759412,1,0,1,1,1,0.0028985507246376812,0,0,0,0,,,,,,
combined_2024_2026,TQQQ_buyhold,1,benchmark,2024-01-02,2026-10-01,690,2.7460643394934978,2.3529232352510236,0.55359195201911104,-0.58122579233017357,1.0159095610678162,0.62640250014173515,0.72776963667161265,653.46936332165251,1,0,1,1,1,0.0028985507246376812,1,1,3,3,,,,,,
combined_2024_2026,TQQQ_buyhold,2,benchmark,2024-01-02,2026-10-01,690,2.7460643394934978,2.3428794859723192,0.55189561327223724,-0.5812257923301738,1.0141556865211201,0.62640309093431235,0.72722584986814232,1304.9841821867105,1,0,1,1,1,0.0028985507246376812,1,1,3,3,,,,,,
combined_2024_2026,TQQQ_buyhold,4,benchmark,2024-01-02,2026-10-01,690,2.7460643394934978,2.3228818420307191,0.54850843706997976,-0.58122579233017357,1.0106431067712551,0.62641210041814221,0.72614314115308143,2602.1851585154486,1,0,1,1,1,0.0028985507246376812,1,1,3,3,,,,,,
combined_2024_2026,UPRO_buyhold,1,benchmark,2024-01-02,2026-10-01,690,2.7460643394934978,1.8113433282746643,0.45705307149798857,-0.49023496588035309,1.0537952590146737,0.45669263128238807,0.72776963667161265,572.11033873832355,1,0,1,1,1,0.0028985507246376812,1,1,3,3,,,,,,
combined_2024_2026,UPRO_buyhold,2,benchmark,2024-01-02,2026-10-01,690,2.7460643394934978,1.8029218925469688,0.45546214179587308,-0.49023496588035353,1.0513873352444323,0.45669589139395528,0.72722584986814232,1142.5094800527036,1,0,1,1,1,0.0028985507246376812,1,1,3,3,,,,,,
combined_2024_2026,UPRO_buyhold,4,benchmark,2024-01-02,2026-10-01,690,2.7460643394934978,1.7861543619678732,0.45228544183756658,-0.49023496588035276,1.0465577365671377,0.45671311941512194,0.72614314115308143,2278.2047882561856,1,0,1,1,1,0.0028985507246376812,1,1,3,3,,,,,,
combined_2024_2026,QLD_buyhold,1,benchmark,2024-01-02,2026-10-01,690,2.7460643394934978,1.6287468441988109,0.42185291324586105,-0.42399389002378074,1.0530933766446429,0.41735440418857367,0.72776963667161265,544.67972019913691,1,0,1,1,1,0.0028985507246376812,1,1,2,2,,,,,,
combined_2024_2026,QLD_buyhold,2,benchmark,2024-01-02,2026-10-01,690,2.7460643394934978,1.6208723799275342,0.42030041795521567,-0.42399389002378063,1.0504594289950695,0.41735713730934443,0.72722584986814232,1087.7302886927935,1,0,1,1,1,0.0028985507246376812,1,1,2,2,,,,,,
combined_2024_2026,QLD_buyhold,4,benchmark,2024-01-02,2026-10-01,690,2.7460643394934978,1.6051938988784591,0.41720046217558049,-0.42399389002378063,1.0451739712212837,0.41737432615859249,0.72614314115308143,2168.973120395372,1,0,1,1,1,0.0028985507246376812,1,1,2,2,,,,,,
combined_2024_2026,TQQQ_UPRO_50_50_monthly,1,benchmark,2024-01-02,2026-10-01,690,2.7460643394934978,2.1269075718830801,0.5146066882410254,-0.53594528362866756,1.0441435627490712,0.53458230225471082,1.033443753445773,873.79426100576711,1,0,0.50873853878179609,0.5541693879578734,0.50028244352171847,0.049275362318840582,1,1.0000000000000002,3,3.0000000000000009,,,,,,
combined_2024_2026,TQQQ_UPRO_50_50_monthly,2,benchmark,2024-01-02,2026-10-01,690,2.7460643394934978,2.1136176586522941,0.5122593046888908,-0.5360098313373356,1.041225555957187,0.53458509319502034,1.0328999666423029,1743.4343814704719,1,0,0.5087385387817962,0.55416938795787352,0.50028244352171847,0.049275362318840582,1,1.0000000000000002,3,3.0000000000000009,,,,,,
combined_2024_2026,TQQQ_UPRO_50_50_monthly,4,benchmark,2024-01-02,2026-10-01,690,2.7460643394934978,2.0872060215699948,0.50757526398254771,-0.53613890710174161,1.0353807530077945,0.53459997274482474,1.031817257927242,3470.3367436157173,1,0,0.5087385387817962,0.55416938795787352,0.50028244352171836,0.049275362318840582,1,1,3,3.0000000000000004,,,,,,
combined_2024_2026,TQQQ_25_QQQ_static,1,benchmark,2024-01-02,2026-10-01,690,2.7460643394934978,1.226000150778821,0.33830134272968526,-0.32964206580347644,1.0987973878312298,0.30943267512987732,1.0845276132331263,396.90665026162435,1,0,0.74710556100639869,0.79942967010885413,0.62253163857961069,0.049275362318840582,0.25289443899360131,0.3000832431662569,1.5057888779872026,1.6001664863325138,,,,,,
combined_2024_2026,TQQQ_25_QQQ_static,2,benchmark,2024-01-02,2026-10-01,690,2.7460643394934978,1.2204533595071787,0.33708598474056628,-0.32970897040285518,1.0958532108601857,0.30943103956933615,1.0842154058097027,792.72520259204452,1,0,0.74710556100639869,0.79942967010885413,0.62253163857961069,0.049275362318840582,0.25289443899360126,0.30008324316625695,1.5057888779872026,1.600166486332514,,,,,,
combined_2024_2026,TQQQ_25_QQQ_static,4,benchmark,2024-01-02,2026-10-01,690,2.7460643394934978,1.2094007194792447,0.33465847156740836,-0.32984276682685654,1.08995393687102,0.30943196700660569,1.0835922135662108,1581.1102451603356,1,0,0.74710556100639869,0.79942967010885413,0.62253163857961069,0.049275362318840582,0.25289443899360131,0.3000832431662569,1.5057888779872026,1.6001664863325138,,,,,,
combined_2024_2026,TQQQ_50_QQQ_static,1,benchmark,2024-01-02,2026-10-01,690,2.7460643394934978,1.6002722075920217,0.41622489781447625,-0.42319517438320298,1.0520187873696925,0.41221538844307892,1.1975749373395372,583.0636895893042,1,0,0.51498057796370977,0.5705563281798337,0.50074921060677879,0.049275362318840582,0.50348283357856749,0.56259754043598909,2.0069656671571345,2.1251950808719782,,,,,,
combined_2024_2026,TQQQ_50_QQQ_static,2,benchmark,2024-01-02,2026-10-01,690,2.7460643394934978,1.5916774919890693,0.41451845724956482,-0.42327370746832238,1.0490842040467376,0.41221335087764915,1.1972118697410501,1164.0227999078097,1,0,0.51498057796370977,0.57055632817983382,0.50074921060677879,0.049275362318840582,0.5034828335785676,0.56259754043598909,2.006965667157135,2.1251950808719782,,,,,,
combined_2024_2026,TQQQ_50_QQQ_static,4,benchmark,2024-01-02,2026-10-01,690,2.7460643394934978,1.5745702218127815,0.41111114928029302,-0.42343053679213039,1.043205450298482,0.412214834274297,1.1964879042707599,2319.6587385351131,1,0,0.51498057796370988,0.57055632817983382,0.50074921060677879,0.049275362318840582,0.50348283357856749,0.56259754043598897,2.0069656671571345,2.1251950808719777,,,,,,
combined_2024_2026,TQQQ_75_QQQ_static,1,benchmark,2024-01-02,2026-10-01,690,2.7460643394934978,1.9799653297638899,0.4882900634100753,-0.50676966016692071,1.0278186854529041,0.51759863005259232,1.0766057115383008,676.87517623942517,1,0,0.75233177900051518,0.79418244306092467,0.62775195294992625,0.049275362318840582,0.75233177900051518,0.79418244306092467,2.5046635580010301,2.5883648861218496,,,,,,
combined_2024_2026,TQQQ_75_QQQ_static,2,benchmark,2024-01-02,2026-10-01,690,2.7460643394934978,1.9696328004364316,0.48640879097927425,-0.50682123066780704,1.0253644309843244,0.51759749018533541,1.0761818677697326,1351.2327547575071,1,0,0.75233177900051518,0.79418244306092467,0.62775195294992625,0.049275362318840582,0.75233177900051518,0.79418244306092467,2.5046635580010301,2.5883648861218496,,,,,,
combined_2024_2026,TQQQ_75_QQQ_static,4,benchmark,2024-01-02,2026-10-01,690,2.7460643394934978,1.9490712741216951,0.48265267737353978,-0.50692407714200494,1.0204484969527006,0.51760190483434865,1.0753386119307535,2692.439149583648,1,0,0.75233177900051518,0.79418244306092467,0.62775195294992625,0.049275362318840582,0.75233177900051518,0.79418244306092467,2.5046635580010306,2.5883648861218496,,,,,,
combined_2024_2026,lev_core_relative_leverage_sleeves_v3__static_dev_weights,1,static_comparator,2024-01-02,2026-10-01,690,2.7460643394934978,1.3496317370501831,0.3649048272111044,-0.3683671764197709,1.0919444720009068,0.33786802555424139,1.2136583928722378,531.57715678148145,1,0,0.41873126310613368,0.47120517822589747,0.3265509160939824,0.049275362318840582,0.42251531563848604,0.48310242891741684,1.845030631276972,1.9662048578348337,,,,,,
combined_2024_2026,lev_core_relative_leverage_sleeves_v3,1,strategy,2024-01-02,2026-10-01,690,2.7460643394934978,1.4902178844298128,0.39409642294596603,-0.37022310986799556,1.0872229448816477,0.36902122723038522,4.1349326533679776,1713.9671838376989,1,0,0.51710935820831294,0.57267955473049748,0.5009788738798705,0.049275362318840582,0.50362081386162805,0.57267955473049748,2.0072416277232561,2.145359109460995,leverage_allocation,False,0,0.18935516144811682,0.13863235097002002,0.029191595734861631
